{
    "dc_per_class_pp_all": {
        "1": 0.9249499884924591,
        "2": 0.952622629394367
    },
    "dc_per_class_pp_per_class": {
        "1": 0.9250913238000414,
        "2": 0.9526226146022002
    },
    "dc_per_class_raw": {
        "1": 0.9249499884924591,
        "2": 0.952622629394367
    },
    "for_which_classes": [
        1
    ],
    "min_valid_object_sizes": "None",
    "num_samples": 160,
    "validation_final": "validation_raw_postprocessed",
    "validation_raw": "validation_raw"
}